{
    "name": "자막 (Subtitle)",
    "description": "영상 자막 번역에 최적화. 짧고 자연스러운 표현 사용.",
    "document_type": "subtitle",
    "version": 1,
    "created_at": "2026-01-31T00:00:00",
    "modified_at": "2026-01-31T00:00:00",
    "llm_params": {
        "temperature": 0.3,
        "max_tokens": 2048,
        "top_p": 0.9,
        "frequency_penalty": 0.0,
        "presence_penalty": 0.0
    },
    "chunk_size": 1500,
    "preserve_formatting": true,
    "use_glossary": true,
    "system_prompt": "You are a professional subtitle translator.\n\nRULES:\n- Keep translations SHORT and natural for spoken dialogue\n- Match the timing constraints of subtitles\n- Preserve speaker's tone and emotion\n- Use colloquial expressions appropriate for speech\n- Avoid overly formal or literary language\n- Keep line breaks where they make sense for readability",
    "context_instructions": "Consider natural speech patterns and subtitle timing.",
    "style_guide": "자연스러운 구어체, 간결한 표현"
}