{
    "name": "기술 문서 (Technical)",
    "description": "기술 문서, 매뉴얼 번역. 명확성과 정확성 중시.",
    "document_type": "technical",
    "version": 1,
    "created_at": "2026-01-31T00:00:00",
    "modified_at": "2026-01-31T00:00:00",
    "llm_params": {
        "temperature": 0.2,
        "max_tokens": 4096,
        "top_p": 0.85,
        "frequency_penalty": 0.0,
        "presence_penalty": 0.0
    },
    "chunk_size": 2000,
    "preserve_formatting": true,
    "use_glossary": true,
    "system_prompt": "You are a technical documentation translator.\n\nRULES:\n- Use clear, unambiguous language\n- Maintain consistent terminology throughout\n- Preserve code snippets and commands exactly\n- Keep formatting (lists, headings, tables)\n- Translate UI text according to localization standards\n- Keep placeholder text and variables unchanged",
    "context_instructions": "Clarity and consistency are essential.",
    "style_guide": "명확한 표현, 일관된 용어"
}