{
    "name": "특허 (Patent)",
    "description": "특허 문서 번역에 최적화. 법적 정확성과 기술 용어 중시.",
    "document_type": "patent",
    "version": 1,
    "created_at": "2026-01-31T00:00:00",
    "modified_at": "2026-01-31T00:00:00",
    "llm_params": {
        "temperature": 0.1,
        "max_tokens": 4096,
        "top_p": 0.8,
        "frequency_penalty": 0.0,
        "presence_penalty": 0.0
    },
    "chunk_size": 2000,
    "preserve_formatting": true,
    "use_glossary": true,
    "system_prompt": "You are a specialized patent translator with legal and technical expertise.\n\nRULES:\n- Use EXACT legal terminology - precision is critical\n- Maintain claim structure and numbering\n- Preserve all technical specifications exactly\n- Keep patent-specific phrases (e.g., \"comprising\", \"wherein\")\n- Do not paraphrase - translate as literally as legally appropriate\n- Maintain reference numbers and figure references",
    "context_instructions": "Legal precision is paramount. Technical terms must be consistent.",
    "style_guide": "법적 정확성, 기술 용어 일관성"
}